Actual_Sales,Predicted_Sales
563.808,255.887298652256
36.672,84.81941836552352
37.3,52.30921480038126
212.058,420.04385947761074
171.288,460.98123713133515
99.136,35.88874617530074
340.182,272.6589733696949
17.38,137.13695608859362
22.62,17.822834177565916
71.632,101.00555687844668
10.476,149.1304615808749
76.92,83.83582763619751
20.86,565.3349294503064
431.976,172.5525942906107
307.98,258.11356124613724
121.792,150.68459713164944
61.96,24.845770946934913
8.8,55.955329267610814
4.536,90.5165582336494
12.864,153.12312485331276
1123.92,716.7892840515165
30.36,120.65446224161927
91.59,29.986168121291985
41.96,52.27016887395894
30.56,59.04359076324193
27.992,85.5256338002428
60.12,122.42057922422092
25.344,56.980415134704224
15.96,24.80804939975274
179.97,196.32356449309603
756.8,166.8076333133879
44.856,104.49146225550909
89.98,248.2824479878542
12.99,31.05051748528916
7.92,40.899189848828044
17.94,29.60871837934724
1097.544,524.4926679306011
122.136,385.3893607438667
393.568,537.2555183650217
56.784,91.21604419377985
23.832,29.225696594770874
17.48,388.2868027858497
55.92,347.06796361990854
479.97,176.4051453575286
88.832,249.2633685871054
3.62,17.98106681553189
20.7,19.133827980185924
8.56,24.80804939975274
1294.75,430.16259049629974
11.76,35.602548193845614
4548.81,593.3581221533635
31.248,114.81435299756232
138.0,251.03113105814802
971.5,118.85903815887279
19.05,52.80160042523639
13.52,148.8753072953358
259.98,96.69244417296572
61.96,24.958649152015173
555.21,291.1842396731256
10.584,47.3026285949813
17.12,60.840480032822796
23.85,80.66789456703849
26.032,102.26587243959106
32.064,81.0923251478431
47.94,67.27822202335938
154.9,351.70280425105045
9.344,18.397561630664306
14.13,28.641045398109632
207.846,394.2730830323396
90.48,264.71443926256853
2.724,16.831767590224807
523.26,1223.0326528950955
72.6,330.69153913172175
8.56,18.482853908496953
3.76,94.52278140231324
595.38,131.40261859402162
1669.6,788.8642616492552
13.776,103.42821440635097
22.72,62.00927615839981
483.136,552.6539576069863
124.792,80.35961575699385
367.96,293.1292065489157
6.48,22.568020787918396
61.44,328.2720119413204
49.568,146.56167844028062
604.768,481.133753851366
659.168,467.66597378162373
233.058,380.261777635583
227.976,113.58929129913626
603.92,769.1283609390728
2244.48,1146.532329319113
65.17,210.96734238727734
38.88,84.75105625370082
12.39,29.986168121291985
20.736,58.318496879257154
12.84,29.471357279270848
221.55,187.48468280075923
90.882,128.6121054943337
81.92,357.39460777313866
449.1,875.7738994063302
67.9932,118.02642635239432
29.808,30.028313809621213
48.712,134.9518223548971
2567.84,1137.8654999192167
2573.82,1170.8715100748354
470.376,293.5650909785373
194.848,516.9182274665606
60.312,64.00178856349628
15.232,29.04208770139261
14.94,29.986168121291985
26.8,70.87947621205073
144.12,53.692857262676846
7.52,42.81333057852342
231.92,781.2620408456557
89.97,201.22242753405976
8.448,25.344578671707257
863.928,901.3130406768128
77.728,259.0524858431711
139.93,300.02549595371306
25.344,165.87629553824206
7.24,40.934315607505525
23.84,91.36378399693147
105.584,222.64973254452406
310.12,137.15362774520906
7.98,22.715060378720626
411.332,601.056359220162
630.024,521.2850235837368
36.624,120.97882540616737
204.95,80.32778292074485
10.56,222.24305312694102
589.9,251.34699681572377
96.53,326.2991647484343
97.98,237.7751052336373
7.78,107.08207137323024
5.248,18.428269563279933
47.04,89.60131617981
3347.37,634.9476179097604
34.504,29.028993725619724
15.76,18.428269563279933
13.92,189.59863322518137
33.8,113.0519827188399
333.576,282.24519262835616
265.86,62.824276729909016
43.57,107.53619603155695
232.55,293.75928555884184
124.2,279.85348878937253
10.384,76.29582942171248
465.16,150.02460697617443
29.472,47.1201358994567
71.96,370.4000539685701
1071.576,535.5845350773211
285.48,743.2394982911918
86.304,59.54886960832134
11.088,123.5470511070111
29.79,29.394984758119662
124.2,96.3644803710995
58.58,102.46772080764846
12.18,150.98066869849288
16.896,58.77168449132087
859.2,400.1312017478596
74.112,380.32072626788727
29.34,51.98259568211327
49.848,110.89041974816854
86.352,29.301880531093563
4158.912,648.4315656299332
6.464,14.824805464284955
8.226,24.6276097098595
64.864,316.4719165814753
74.0,60.30074207690469
520.464,251.1520774900989
1.744,71.19788037426346
9.84,418.0703377520025
123.256,61.46310805504001
200.795,157.4444600991992
88.752,153.9575365356929
22.24,52.277446099984374
79.36,36.055482269037604
5.248,18.397561630664306
32.432,95.59035060615228
3.318,21.516535038867318
194.352,151.2669089356524
10.272,47.12223943428566
11.36,143.53342471608627
7.04,35.725113790268686
479.984,1064.10527836111
15.552,46.982896528961916
19.76,79.26903804895508
16.821,18.190919512916057
129.3,131.93914247537995
590.058,662.4107991724609
29.372,135.61542826519425
61.02,303.991793072935
66.03,29.331072973360307
12.48,24.87730405812732
20.808,278.674491446783
102.3,723.8607210972127
150.408,470.6985568641124
283.92,766.4795260260147
485.94,267.37050938876905
1.64,16.422029870628606
2803.92,655.6140142494928
128.058,380.32830434328264
116.76,86.45007688823426
6.08,18.482853908496953
159.98,126.70055853863187
64.96,103.92413025874909
470.302,628.2166849932705
167.86,31.279545002620754
61.4,79.3397522185364
79.14,53.10774420362881
665.88,249.14125908066998
95.68,909.0687285962113
1088.792,45.66247052956429
16.56,18.54769165743771
104.97,168.33459708920682
62.18,58.83778874436387
2249.91,650.1718604324237
209.7,24.726704305864885
6.16,60.41132832486866
22.96,70.05701857384278
773.94,626.7322435298947
15.528,29.085412288860333
556.665,726.7001650966251
7.04,102.3463421212818
10.272,29.085412288860333
23.992,33.58601779289187
39.264,132.2965983368495
357.93,51.6250973805615
5.304,29.289608379530232
48.81,158.64136679965068
16.496,24.985001323273778
37.2,57.31738228416777
33.36,177.43798336162936
31.104,87.86961522743188
225.576,285.3662637529603
16.74,145.45540829744033
122.97,52.67691150252118
466.32,93.49226600351435
386.34,149.30811332874848
572.8,218.71888212114348
161.568,267.405839865349
9.912,29.439241631169956
9.552,29.225696594770874
37.312,35.69383081367534
12.96,25.126278400371856
21.72,60.255821378243525
116.832,170.81308061055302
241.96,108.18361453989401
8.69,451.88589447267447
15.984,24.57448635262234
20.62,24.764425853047058
6.68,18.54013775389293
22.5,63.966543504139
41.4,36.55044058879229
4.836,44.62409203934141
13.272,175.1728123213461
399.95,363.44471991538006
142.8,98.35776653668965
12.536,25.44748754934609
19.44,53.30205179539815
772.68,222.0432372666944
3.424,16.37141357930234
31.008,22.763960251406456
2.624,16.654372857973243
39.92,154.59612386342124
49.632,212.37782373688452
99.28,102.11498642903065
1126.02,246.55656542405694
5.344,76.05803943259299
6.316,18.011141184417124
143.952,232.74364522354463
801.6,527.1910476057004
199.96,205.3600179669489
7.98,51.41745961660639
17.34,53.232433126344006
646.74,396.2521059335667
41.86,62.26698581912191
47.984,119.15874376386817
158.368,355.78619801454107
11.96,25.069202993801085
50.12,371.67556411127026
29.46,61.47208989188724
249.95,335.31145040503833
191.96,289.88898702628546
18.264,21.47178577348569
23.952,98.74143775966739
11.808,203.29558826703516
496.86,502.7750511736603
359.98,247.43603958864293
50.94,53.359846982266575
619.95,385.86968090958493
318.08,85.81283144876562
279.96,623.0711740597983
31.44,185.22055015599003
362.92,112.27547135010917
167.968,436.72580355096187
10.608,59.60990102587656
480.96,402.6276683465299
4.768,139.8378270875582
2.78,16.45971145928109
10.56,24.958649152015173
3.304,16.412668316434132
10.272,46.3352429770978
20.16,186.0461277837291
17.616,103.41955198064105
974.988,542.0975052527565
16.0,62.33815834229437
705.544,592.6789503949811
8.72,81.84561994580044
95.92,88.45422567487803
18.84,75.74741741302171
87.92,295.1532348101081
5.76,18.663312724665392
11.68,18.452145975881322
40.88,62.090352354646086
12.032,64.34465877004398
345.0,322.7751906957879
109.92,24.86218205262771
7.712,53.109308636918804
4.896,48.787883987216084
25.98,16.742670737951986
52.272,154.41003779301235
12.84,53.73798957270853
33.04,179.2071684422156
141.96,299.7255235792292
333.999,391.91018067076146
122.382,272.5596887732138
45.528,46.22184929531947
123.088,90.29848139077369
5.48,18.542718179424845
58.08,197.95388758177108
572.58,400.85207042008625
0.984,15.890252168920556
20.97,150.01724957226565
36.4,151.9633578367844
44.4,30.123529221368372
16.56,35.6787321301683
348.84,105.66580610539468
192.16,60.688819289437625
102.93,187.66783763066053
1.584,103.23382073422073
9.328,16.409095167954824
226.2,539.9949842798618
16.38,78.66689167582443
46.2,35.96447435829505
39.92,72.8070166012059
5.56,18.452145975881322
12.144,101.82714317060932
2249.91,745.6234040226766
13.11,266.36027256224855
523.48,301.36229251863904
7.3,64.26951939864495
156.3728,249.12658838632476
105.52,62.35186105209934
108.784,215.88066377913037
71.952,392.84665749788417
154.9,79.44117020647829
2399.96,3110.947807134144
187.76,100.32222312898662
41.24,84.13428872117898
15.28,31.255552875930437
47.96,56.336702696314134
19.92,60.82878228607306
323.1,163.67720078171862
20.56,24.86218205262771
126.3,90.09021442427789
21.12,81.13438638509274
30.44,189.4021034465835
5.16,18.452145975881322
43.68,80.78936590497214
15.24,73.94899626330846
389.056,329.1742480950794
97.82,24.81911080505331
2.97,92.41836655672414
180.98,114.63741408498953
100.0,204.15744502539417
575.92,223.10000822470997
2.032,20.9880751736303
269.9,215.21755034997543
17.94,57.155520712342856
71.984,227.74988762570467
154.9,548.9335670022048
26.4,80.51755106783514
27.696,183.83447149193623
117.144,206.21536108650508
15.552,45.883913839672566
63.552,79.83679681390332
29.95,56.96222077419459
35.04,552.5552629094058
171.96,379.9596279114342
58.248,198.98737552793187
34.248,99.9467493345784
245.94,82.13619108674207
61.04,114.13709669584375
6.0,19.018206912958245
18.176,49.394025831500855
68.81,147.6576915192362
8.016,29.14932407361969
43.56,116.19539187740365
321.568,261.10892167967484
25.92,60.97081395110733
108.72,73.92793192141357
91.96,393.2794411151552
34.08,82.25133353244426
67.8,546.0832166172237
302.94,460.921880671041
4.896,22.07121877714815
241.568,259.0524858431711
1218.735,697.2372275373401
197.05,62.54260146334509
349.95,393.16522751253893
45.248,193.9853415420534
51.8,247.12156818785218
2519.958,2472.318184990746
47.984,82.32006992416945
5.432,80.88128794858343
140.736,35.83673105306571
34.236,157.43071721406855
140.736,712.722161287669
31.44,29.471357279270848
134.85,306.301491878645
31.128,111.1098285331667
95.2,144.20867720505993
25.472,90.78131930081393
29.6,18.663312724665392
179.9,56.14302695991851
25.584,99.75103958648559
21.93,52.681984765448284
10.78,144.2696159510794
7.36,59.37433806507846
51.84,115.18170215297582
24.1,132.60028653006907
8.784,27.92574868494473
37.32,219.95670864520187
40.98,191.16516214073218
286.86,317.9770218175802
881.93,536.6862228626559
62.31,258.14498681895316
127.104,101.04641592228886
23.67,173.49940112069075
35.97,29.331072973360307
161.94,243.13687038958517
51.45,234.95025077120854
32.4,84.9495492417989
10.688,24.43753803201365
3.564,18.712653081296455
5.58,28.61572422163904
799.92,429.42809086177783
4.92,29.471357279270848
10.98,176.87189520454808
11.76,25.44985897235155
35.0,89.39246915240335
1.788,17.64539301194367
21.93,30.123529221368372
35.36,82.52732566853072
219.075,388.1573350481551
9.708,30.285165776158507
130.71,192.36144190061216
2575.944,477.10845068696415
98.112,209.92514441712984
14.368,50.16718164544806
3.882,27.508810940628308
39.128,106.18128736917123
2735.952,528.9665667533701
5.584,26.377763101972324
1.524,23.043469271568956
892.224,389.6328667275826
2054.272,907.5615625239996
7.56,29.547541215593533
14.07,43.82172117690161
254.352,76.86826559589545
31.86,115.3378227422336
51.016,88.32977863246592
275.058,420.04385947761074
723.92,803.1043551589188
38.34,54.60643025254213
131.94,29.68490231566993
12.832,94.55206537562947
957.5775,704.5020753925842
31.168,95.68590956196586
542.94,491.4994044073009
895.92,160.73811868653556
8.856,89.54592576319881
32.48,137.12093918513085
35.4,56.14302695991851
18.496,83.89242946787981
148.02,74.48672992599802
7.89,41.6781509916642
242.352,365.20982530146546
15.552,46.39754973307865
15.936,36.410450157559104
152.91,186.15678261647642
15.8,32.41012625557168
203.976,302.31807831865353
37.408,92.94636003265437
503.96,476.1915894122232
116.4,174.34350200406516
20.736,57.1825457148425
12.294,31.06326348753539
226.56,489.4694604739961
268.935,412.2200526024441
30.48,29.68490231566993
99.87,197.7184620576222
147.184,100.00572812881853
11.52,35.6787321301683
83.36,41.28347876305196
1799.994,329.3549508555283
22.848,40.822621318185945
182.72,130.29088691002522
15.232,57.03934934420175
71.976,282.24519262835616
4.36,279.1422189946662
8.856,29.679470714781345
214.7,148.9283169121994
221.024,101.19787129238999
17.12,35.72993464937854
254.24,308.61575464222346
119.04,60.057892654030596
85.056,46.13084511378038
40.776,29.225696594770874
105.52,81.56373621505345
122.352,392.81287746090476
50.0,136.44279767611613
19.05,727.3122198249313
220.776,274.87281289432684
37.764,209.72840721010795
31.104,84.75531461506812
27.936,199.00928757732606
11.232,174.28108563250936
11.84,16.483826068645552
8.67,29.986168121291985
8.62,121.5607350212616
9.24,67.27822202335938
38.6,101.49701610497328
45.36,90.85483866934115
383.64,238.5917259124873
54.528,89.25829294817694
43.176,324.04159102373353
319.984,70.6217097887786
63.68,194.27325368127975
3.52,18.528609554095468
19.98,23.007751319972854
440.91,1032.5995243531572
727.296,471.25613489596407
10.56,24.74930384754745
21.248,86.68395663043925
7.31,16.554224344850695
29.8,158.46110884994286
21.12,61.892069836621005
88.04,57.09147713988986
431.136,377.8191764057579
129.3,170.01116767032488
3.76,18.922661231401854
17.34,54.19841370904137
6.48,22.73765992040319
1679.96,435.48063883001885
7.27,214.6072139271488
12.96,25.487580519533722
25.92,60.465336489968465
106.32,53.73798957270853
194.32,265.45453537291655
1297.368,410.6923146508033
12.224,30.632690066497368
65.79,109.68568471230682
219.84,61.33834655874958
63.936,716.3773659297632
839.43,353.093453327371
20.736,58.211101387713505
39.296,221.22964394137375
2.304,16.243626484064393
10.688,24.57448635262234
528.43,579.4993072909633
468.9,372.91166577243416
11.264,80.17271801025463
1.44,111.73267868763422
53.2,115.86341611479875
9.48,26.783710369919213
5.5,93.51392424137413
17.856,35.80193995239052
22638.48,2412.400565540325
797.944,552.4084448345559
79.4,267.00014115037885
12.96,24.726704305864885
171.04,332.26393513047225
147.568,45.15652883661193
150.384,211.69958924149796
7.104,18.379338855920274
5.193,26.311853221258968
74.352,46.98204918641949
70.368,18.44331727626282
9.088,134.67456055095283
2793.528,163.60247640345528
26.72,24.603866832593777
58.48,106.6975734616244
261.96,282.7404928188555
203.92,214.2088680087309
58.112,68.80134641185701
6.79,72.2308585273965
1432.0,446.92363178059554
122.352,413.25488662410885
129.93,71.23675122675427
85.246,251.05788958662595
747.558,384.78660731460883
22.608,39.54787202272473
479.976,1373.8075988968246
81.96,134.12813274668488
517.405,615.9950250225861
307.776,90.87209281487777
18.288,153.4894136790727
78.304,25.50774425480255
75.0,151.04975545618495
173.94,459.5297931846879
415.968,510.7702403894312
7.92,686.5347625047423
0.836,16.746692675404294
99.54,120.41867955627664
1.192,18.15024425411744
47.3,18.922661231401854
3.488,17.88835459746719
11.52,138.26292234887714
33.282,24.588262739863307
9.344,18.53130905427443
20.7,18.65235755058661
74.352,46.98204918641949
47.976,116.19539187740365
6.56,18.482853908496953
735.98,120.74376601420774
18.92,90.20837315073888
159.98,104.81832142703162
532.72,1709.0667919755767
40.74,201.93633061343667
81.96,160.05442743231902
7.64,26.31151372028681
254.352,578.6130539461884
87.168,122.47774456565713
801.568,262.0903440519698
361.376,223.24540186650293
79.9,123.16930483305374
30.144,78.36044258122311
59.94,54.36126768534186
14.78,258.59078013981497
174.95,58.96623783164072
43.28,65.44086282564308
124.41,76.90906836093514
540.048,176.68851369003625
144.784,136.91712683017226
89.97,190.29686629300448
99.136,36.034394267100794
11.52,36.936200410899644
12.192,45.636502499436205
5.46,29.547541215593533
139.92,105.12397789208099
38.88,82.34103861238219
756.8,130.18486049043315
91.36,61.892069836621005
10.43,269.9723232511996
52.96,68.2184479527073
238.896,296.3337271749922
29.9,79.26239312236493
21.88,138.64898772536867
625.99,120.93775785523097
23.16,105.63321278058294
30.672,51.81583296878278
279.86,784.1399372884894
7.56,42.512063383219804
10.08,166.35693342589494
8.36,59.33352997674307
2624.985,729.3402373721104
47.36,36.58436036698834
7.872,29.301880531093563
74.416,107.805113782604
16.14,165.29307296336978
599.9,596.09726779345
1499.95,5319.27909141178
63.312,46.70049362684801
19.44,52.664142674550504
33.75,167.58396012847112
397.6,120.19922569919987
18.504,178.74889668386552
43.92,70.55627040127975
14.94,53.525980589447975
73.98,244.2471247643753
8.288,97.32676306049096
17.024,46.94015843669137
81.088,179.50319869945955
73.536,298.6832290594704
30.53,16.554224344850695
165.6,157.14208199931414
122.97,52.681984765448284
22.83,52.00376399003219
177.536,56.02683429135302
38.976,195.4515113427624
6.912,29.816831814857732
11.84,96.8846425142541
1403.92,729.2607193014928
9.32,35.96274581378523
220.704,197.5500102629281
16.52,61.71886799970041
438.336,451.67035902663645
29.7,727.3122198249313
4.095,23.44623197200203
6.6,29.547541215593533
1088.76,708.7906952360361
3499.93,605.8609348307288
273.06,266.90775919581296
35.52,29.679470714781345
18.936,28.37763927332136
309.456,264.69450989715534
64.96,74.29476718200887
12.96,24.87730405812732
190.92,93.1760778951319
51.45,258.70905327199296
140.97,193.24503016585584
8.832,76.31251673801525
6.368,24.649643010520425
10.428,69.95993614175417
179.94,220.29294542582048
59.96,433.0810586541848
71.98,133.032407060279
37.68,165.96456069697956
7.3,41.47008694897633
61.96,94.6664303954879
9.656,33.793422363706846
53.568,135.6924923541699
168.624,492.6963988738331
14.48,397.7842592706144
33.02,144.74987749431887
59.7,184.0471318518501
643.136,552.5590847083441
48.848,18.54769165743771
60.72,91.674658605153
41.424,93.25889062630779
256.784,132.77850627201337
5.04,29.7493500776625
41.4,36.32890632427835
271.9,258.09719432043096
38.88,83.51956747744929
18.16,160.71670832189068
122.328,153.35271434076333
45.0,161.41522731594748
117.96,119.18996793074945
12.96,25.688413024717327
13.208,87.54113244823357
211.04,108.4800277223921
211.168,458.9937026105254
75.04,97.70708194538871
172.764,275.56017832135865
6.23,129.32213306198773
348.56,502.85089668599176
772.68,476.31460672511037
15.14,67.05108219149118
317.058,386.3576224366762
51.968,53.581779340464664
18.24,28.503684298033235
5.888,98.00246733734933
23.128,61.850459997657936
40.08,82.4282089152261
319.968,293.12227367071324
1793.98,108.19921654432677
1704.89,2150.2824417386373
63.84,502.3434412606078
968.744,168.36446067413755
141.96,293.24732623767176
51.52,127.45758677620935
10.68,110.7363452852033
40.41,191.00117805917776
32.4,82.79044571704726
32.4,166.38508357672575
64.704,383.10638127640624
7.78,22.921766688991347
359.772,250.28818975409595
46.53,265.2855322189613
45.36,101.33051243394975
126.56,438.4840325624152
21.4,56.929936629902166
603.92,754.7158986889191
14.72,217.20164499346512
2.96,26.275215819645773
76.58,75.43565865878159
173.656,551.9534918570739
590.352,146.2742596681242
24.3,136.83219683311316
298.116,818.6176088248902
17.088,133.1557952962772
9.98,388.2828262862298
34.74,53.06333164807595
19.14,174.5366546136785
539.92,491.4606645569914
6.33,191.16516214073218
16.23,53.49338673140928
25.488,80.07645272091591
70.98,136.197498981717
17.904,55.04428984021598
286.93,95.62133829082073
10.36,144.69346459491345
305.01,573.1588783459428
959.984,671.9584835079362
25.696,104.40858088409452
19.56,35.888290421972364
14.76,61.69466046051833
296.712,1512.7895410557164
9.96,25.44985897235155
307.314,451.8253804642902
38.864,102.57486210676394
23.904,63.09020486055784
258.528,227.23554133840398
71.372,252.6431482787212
14.016,29.007318586021206
11.952,103.91919399385125
1458.65,1321.1586824113037
55.264,85.95528768663057
32.13,76.87946392933478
50.96,89.357735243697
2.672,16.62366492535761
5.98,33.484213414063255
199.98,112.1374711120309
1.8,188.66668218337557
15.42,44.541510241437834
358.2,291.8227426136651
266.352,105.86900446356366
17.96,166.51838426504995
360.38,127.23587055943894
5.248,36.074474367720285
1117.92,387.0186958483439
302.376,298.84913901874546
1325.76,854.7424215525368
79.99,90.93961781385627
34.86,30.09168768035888
1322.93,581.4397819435088
2357.488,166.35693342589494
1439.982,793.4609835550448
23.2,71.05029094412666
5.84,18.12115147825254
892.224,412.1016589415415
11.36,24.69111059447344
121.6,151.65385078557532
109.92,24.845770946934913
9.84,29.280705788743948
59.48,120.29332550668461
9.96,24.830648941435303
981.372,255.49166397359087
45.84,156.68113531211057
68.52,53.30205179539815
19.312,53.84727220811693
562.2925,945.6884704290513
499.584,262.590419700571
5.94,28.478363121562648
6.03,28.503684298033235
105.584,219.29649797590125
10.95,96.17477050481646
13.11,310.3559174199245
763.28,633.7573544106064
24.0,68.81335988569032
863.128,994.2676947103361
10.4,173.3307967618797
241.332,627.3838802978418
43.8,700.8075023299078
19.44,52.09687170640025
82.896,152.36106740484038
199.95,335.9111503715914
3.048,108.79606968954502
3357.6,1036.6384193392184
69.008,60.53670038282273
38.97,334.810228389369
403.56,791.5015838460217
177.48,311.48476698291864
718.64,526.126399192416
4.77,23.36851904090015
254.058,173.79181350462096
699.93,912.221146233002
14.89,31.34471455370885
85.52,129.49765937661527
563.024,157.35728738267022
18.496,56.53124112177143
23.84,206.0682393370224
5.67,28.478363121562648
428.68,757.2854102108146
14.19,74.25795700616324
47.616,29.426969479606626
3.96,18.451582071052425
255.984,73.68029800376776
8.78,89.78259393513468
274.2,283.2533560276517
765.625,820.3049925886085
177.98,116.3966498359875
7.56,40.96848517642421
17.14,68.21964826082007
13.48,73.99329084261711
11.76,25.48139208354395
2799.96,3478.4214584386714
15.552,46.40905741440394
383.96,472.67481041871235
348.488,89.9038168424847
88.96,712.2996581104
166.72,239.95147971457737
80.58,423.23233399498116
107.94,29.394984758119662
39.96,24.943527146515564
18.528,99.11137418884138
75.18,63.03299210340441
61.4,78.76081847407744
31.08,85.22859972669583
39.96,602.1044931643345
39.98,61.863113448175476
71.976,322.87706994237783
11.36,24.830648941435303
22.911,156.26678268670014
283.14,265.94020411693856
47.98,67.24703152601656
31.776,35.87647402373741
10.496,35.83673105306571
81.98,24.8039887995537
12.96,24.80804939975274
25.92,64.30638685901569
13.896,23.34442949079437
108.96,204.67981063867504
6.24,193.40775535439118
10.528,32.46707080615165
25.71,182.7135665943132
106.32,54.474492899515006
95.232,60.00680939391541
1684.752,794.6335888213048
29.04,52.87696242955668
629.1,82.82482374613701
171.288,467.10470844563065
9.184,84.80864332215698
3.444,29.86747196355956
20.064,187.25226466553556
27.384,62.2730135660971
3.328,100.31763933745762
59.52,29.68490231566993
49.08,247.57228200944752
35.91,328.44109458390136
369.544,524.3972223708873
217.584,213.59190556147655
10.368,24.57448635262234
142.36,303.76674271496654
383.952,542.2079535299707
205.92,422.8138918707053
4.448,18.397561630664306
7999.98,1076.27206662091
370.62,391.8839054262216
23.18,159.048589115391
51.312,103.98385154867225
60.864,158.00365367077157
195.466,271.08240045526503
28.752,122.80301591430242
182.94,463.1489922596619
3991.98,1534.9042395915922
523.25,524.8733332505115
127.764,274.5144220532157
13.76,24.845770946934913
183.84,252.00220837412536
104.58,125.1427806784506
1013.832,1103.1871433148526
99.136,56.83118767578356
28.35,93.40829105242292
8.448,107.38871636000898
963.136,584.6097590287113
310.88,54.8618054926467
69.93,594.9426769809849
158.928,357.1596099202138
48.576,96.53226543532665
147.184,134.16158187160093
117.576,279.06961511877626
99.2,57.58861820890813
2.214,24.764537549312745
282.84,85.07201055735517
53.04,178.30610960195295
41.4,36.32860856066955
26.7,18.528609554095468
95.94,193.9564950594323
8.82,25.48139208354395
43.512,165.1986256126298
96.256,112.83305151684712
50.32,97.5489578694423
332.028,117.44030012662832
12.96,25.423198830469936
5.607,30.92233271005395
184.66,95.38925434476825
4.3,18.452145975881322
40.29,197.19505390661246
68.46,80.08724978057617
528.43,596.8094083564189
158.928,476.84627849265655
56.56,178.76297131906483
389.97,184.05878574035066
31.744,18.44331727626282
18.84,44.91396372881199
435.168,541.1854118866083
205.176,265.2914701067071
9.024,182.38888047459955
33.82,124.3404465029638
32.67,224.40747310469783
4297.644,1309.116914228477
271.984,86.97248285111858
1319.96,196.18135937884995
389.97,193.37130825677127
118.25,252.08049054426326
259.896,220.14486124516526
21.552,169.67248431444307
4476.8,877.4043424024558
315.776,178.3509108216232
13.71,131.68407554331372
23.36,31.558718624665673
2549.985,1710.4142758171452
27.93,53.2250333967587
6.63,29.547541215593533
96.08,24.668511052790876
25.08,195.2585674907217
25.92,184.79679973565794
844.116,699.592089065823
57.23,77.09444796821197
85.14,170.9890111504691
9.82,18.65235755058661
178.11,158.96240373041903
195.68,285.90283411268535
658.746,394.92100430071133
155.372,248.61380761443016
347.58,166.28342730260363
92.52,451.3087106264969
398.4,402.1263363159901
9.728,18.397561630664306
5.232,22.661913143652924
128.34,432.4472814442772
23.136,135.87280993621698
251.006,282.32797016191273
17.46,55.17956154808755
74.95,478.8926519998577
5.08,22.29673619360582
1325.85,218.94329769550393
38.29,201.24550241513575
715.2,455.0742675828722
29.46,160.8051520683193
19.3,60.62470401587951
105.584,220.4700218649446
36.56,161.25199533928918
569.568,267.00029888214453
222.384,221.80362547935175
236.528,273.21156137709767
5.588,36.43568422521514
25.3,500.20977111042754
1085.42,706.8664012705958
6.0,18.54769165743771
20.232,157.0403178254882
31.5,85.63284441225856
1747.25,1020.8251242555177
17.28,63.48908953948726
39.072,81.62862555208308
17.94,53.278850805787876
490.32,585.8817056892802
22.74,29.547541215593533
166.84,204.2632220500032
19.68,60.47207034778279
29.76,59.45486852954768
200.064,182.32876793448452
1471.96,175.46299821339238
52.776,114.25318955113808
35.88,84.58492763415006
359.88,296.7050283795817
33.28,267.2956390435374
76.12,108.93866380861036
387.136,201.16647472209695
12.22,30.78648958154979
251.944,572.5908698104787
487.96,291.0825469575709
94.68,242.53577382248906
1706.184,1472.0382888136414
664.146,1207.7991468150287
4007.84,1414.4075912556252
19.68,64.9462588187129
2.896,27.888067096292247
53.34,138.77719333287433
21.38,154.33467854393123
486.368,589.6577182907032
8.56,24.86218205262771
20.368,87.93207138106759
43.13,27.69000306296709
1016.792,75.01784943386423
86.97,355.512850111937
915.136,583.024168486966
35.98,237.0794848903328
6.7,16.471220715541897
88.074,153.8409443184688
40.7,714.4530341839792
49.5,80.36079476052925
3.008,18.428269563279933
67.84,123.92518066469033
152.991,21.419964387672096
109.8,205.32754890215077
35.88,82.75290818073178
5.936,105.86628821153872
22.72,61.072852465574115
6.48,22.730707695280895
10.9,40.92706050278557
146.45,309.817723850106
450.0,345.1857035064337
213.216,70.36978793680879
481.32,466.1517857665279
31.68,57.245206509366774
323.37,200.33837275487593
65.94,74.48672992599802
32.4,85.35917077788262
12.672,46.22395283014843
90.8,660.8786358381456
118.25,645.0313898330717
25.35,47.30455110208889
39.96,66.62328104788395
815.292,1054.9929839018105
60.416,103.20664893996391
87.36,642.3889957638698
287.91,734.1204203254899
63.9,70.19768696119623
479.95,423.7596224544241
25.92,76.20339832188809
13.984,31.5035239587844
42.6,75.64527284591723
69.456,116.09927469700315
57.75,57.38167439502492
160.776,306.0572042758351
230.28,390.2393285140736
53.088,136.15999279454914
83.984,220.438693154916
5.184,100.32448168655748
4.896,23.633485530658824
39.68,18.427133551436032
849.95,149.39456494207803
1247.64,254.96557952400585
87.168,187.576546190229
132.224,83.88409484635251
58.34,109.25537828771847
518.272,791.5573747792918
8.28,70.87947621205073
13.872,62.708057340684206
46.672,111.78830341589114
4.464,78.3359434047353
34.5,194.4954100281433
156.512,220.26076618867447
73.176,111.55479833804628
18.0,76.24168591465259
217.44,320.2153738764501
51.75,29.155242755200387
544.38,254.96557952400585
76.864,25.216295925221146
41.37,66.86568770103302
479.952,362.6349772045733
26.046,20.648031271088215
21.98,102.0527036645578
13.216,94.69381247906962
45.696,80.17087938748324
44.416,91.66806030530805
505.32,263.90571743413597
12.462,16.59259533323637
1.728,133.3958016550634
796.425,780.1223185693073
198.744,537.1607783162704
214.95,600.238823765672
5.682,27.179502703908792
105.98,238.34903014765453
1012.68,120.43318533782116
10.86,55.95542736576786
12.9,24.81911080505331
465.16,135.10307371246122
35.89,27.31310941281236
63.92,90.40183696551193
21.0,72.18592000491914
217.584,259.403413419681
1261.33,431.9288057229422
409.272,273.38471473667863
24.7,161.39550825964494
15.488,132.8568519251871
14.272,178.3509108216232
54.92,150.4391197892518
34.37,162.15869103886462
181.797,167.40939314794076
158.13,52.18876040565849
25.92,61.588685506796175
254.97,170.611712972046
50.22,211.3863132751045
4.984,24.54525305209716
33.48,94.2208403619711
108.576,278.3524503919989
6.48,22.611092035492792
213.48,272.5657211238158
35.34,65.70214270000677
17.456,116.41202973134355
2.907,19.920315746094467
19.44,53.232433126344006
6.672,22.71386718397772
77.952,64.61446476756163
11.52,35.98737038120126
6.672,113.52483675968105
762.594,19.48998200635755
15.42,113.55851202200293
11.648,24.518883125901507
290.98,141.38978039747684
74.352,46.717281799098025
10.368,24.57448635262234
8.72,32.49650163162824
170.88,278.7209100358509
3.96,18.001535818464436
904.9,295.20641553064786
8.56,24.81911080505331
626.1,409.43820933485034
517.9,249.84748565855543
5.56,18.452145975881322
3.768,25.31326194475147
39.879,149.4001795546282
220.064,76.45265478656694
35.88,84.68049221879153
88.02,84.96778457444012
25.128,33.74180854758287
1399.98,1451.8715559206348
9.248,24.434948005660473
5.388,118.64737993851298
1363.96,432.8683401747828
10.89,80.73076427349005
88.776,302.998252445207
6.286,125.71086684691562
3.528,22.481497331590223
72.704,182.40189715601554
3930.072,204.15557308107927
161.82,81.64277828212586
933.262,436.60338224640657
344.22,270.360856235835
13.9,55.955329267610814
204.95,77.73686662551206
62.85,336.21354414407006
42.208,24.518883125901507
51.756,34.4021029137855
11.952,111.1098285331667
3.564,15.8675911724002
4355.168,140.14912763640868
718.116,841.5804717558156
1673.184,1802.8883172319247
589.41,1097.1947383445122
29.22,81.08890178443046
11.688,18.483735791163248
67.04,424.64943700874363
17.45,41.024972863231
196.776,285.76925881996726
11.34,28.503684298033235
254.9745,382.6621338325113
18.84,66.86568770103302
15.232,58.58557770236497
395.0,335.8746633752744
4.928,64.58312662047308
124.95,474.74679257658323
159.98,114.33805166610931
34.248,106.5122060273157
2.088,16.483826068645552
110.96,24.988410199044516
2.934,20.648031271088215
9.84,29.547541215593533
52.56,200.74592590655266
271.764,276.4365049514018
54.384,97.79137751936118
2.064,16.412668316434132
27.18,53.30205179539815
384.768,267.8515801477815
13.392,50.193657805057335
222.384,231.09714444950194
16.176,46.665251448713605
523.92,1088.5349377899104
18.75,63.55628005296864
6.816,16.85482299951725
51.465,158.32852447453186
93.06,542.2262725829597
45.528,47.493581544996616
59.98,132.52449666304128
184.752,393.6299887742137
2.628,28.020939350090075
195.136,557.9513374399509
6.608,94.04277721759497
12.672,68.82241067054767
38.88,79.61764314649818
19.83,16.69744794692945
323.136,593.5411313287102
478.24,211.29625246479563
27.24,152.00613410067425
99.488,194.02784256290357
40.712,461.5870626853559
681.408,1659.2823874295539
431.16,289.69109329686233
887.271,384.7110402407119
25.92,63.68672454096334
47.992,253.2642715816397
341.96,289.93911584786406
340.92,166.21652874330383
239.97,318.05259670922425
185.88,60.685508177269966
9.87,52.766935727084075
8.88,281.9189217512447
32.4,80.27227639960087
48.896,133.93073315000697
539.97,340.2027202450084
629.1,85.57518612856248
36.96,170.8517567139165
114.2,83.11942214046361
127.95,79.80165528688012
55.008,110.89041974816854
359.32,215.7834841351305
185.376,39.63453412268133
24.56,24.80804939975274
53.9,163.84235462111886
198.272,865.1567756760974
22.66,215.87756220825307
28.4,199.3868822119358
46.864,68.80134641185701
54.5,336.49192076910714
67.176,272.86293057706666
89.97,171.69245393114818
344.91,231.1229441208917
66.69,82.65253599783986
152.94,248.78536135638325
748.752,656.6401573848997
13.632,35.68965218036463
46.344,207.15130548282104
11.36,32.05152834978624
16.464,63.28684252622716
742.336,592.0345571987501
113.79,96.11717311870947
20.544,80.36651990522705
107.44,593.6065609001193
2.672,16.41716922490086
8.64,29.986168121291985
87.8,487.08810657890206
62.91,242.19351958824643
52.4,300.6995878141614
883.92,1171.3466106207215
6354.95,171.17169540801646
43.7,69.9478523410964
8.952,21.655864842141888
13.98,82.70664225796945
9.408,62.27981800354938
7.96,124.03059081072206
319.968,496.3415537030262
9.26,18.482853908496953
6.24,87.56839963938873
91.92,108.8368500576898
26.88,622.2780051709778
33.568,174.7946035824167
479.97,1056.4072295476967
24.448,57.186667077443374
68.46,383.06325468939684
78.759,140.2718957942775
334.768,208.13303132787783
400.784,140.8691480235506
281.34,541.7916613743255
239.976,165.0274836905747
764.688,1084.1086600998326
20.88,131.8894072044276
18.528,70.78360945343248
12.96,24.868919507335544
19.92,160.40653103015964
158.376,401.66051095602364
228.92,301.75425469177424
3406.664,1022.6015035167179
45.98,18.452145975881322
20.736,59.09486724156902
10.984,26.423853506926
23.68,18.60497550283369
152.65,58.879228867279934
450.04,186.5390042241991
151.72,93.2087926753717
251.52,121.89455930052605
1919.976,939.9539196584524
33.568,108.24873526269798
887.271,383.2908103365041
4.752,78.77100124306982
80.991,134.12831856194447
20.23,64.87768329515139
17.088,120.00221284866329
72.294,135.13208979515457
5.328,44.95323053948749
1.869,21.370924495140592
56.3,18.482853908496953
1117.92,328.68045018261256
717.72,387.7684266249893
104.9,267.30437613662855
21.4,58.743492931359334
16.784,41.0335337304051
710.832,462.8054593315944
99.68,153.44583162292986
47.992,101.35718550834413
241.44,218.63219961078514
30.87,88.46574908586132
121.78,332.8895119686673
40.3,18.451275012330363
7.184,166.22640619716742
34.44,52.16340688364922
376.509,470.91891691070487
69.9,249.8603528462661
77.952,97.69002397675759
11.376,33.45396987295988
419.9,70.17952276490394
16.56,117.25397598351205
3.38,16.46367951317184
249.75,629.6098302883242
40.05,29.61655428175366
557.728,623.3693061067886
1004.024,1105.8739392564662
1454.49,991.748206634976
24.32,78.95413158421601
18.9,29.986168121291985
88.776,279.86348099201547
1044.63,653.7440773491691
18.688,34.439780195155954
32.368,91.67137649498363
328.59,408.4036118497512
307.92,717.7873665435873
343.2,603.2126572559005
72.744,520.9587476795308
9.64,106.2270209519266
24.2,56.929936629902166
32.088,215.1179825708089
338.04,197.76791569037428
25.02,191.8914981277316
60.35,176.04835039780977
1606.23,488.1262053929255
82.656,104.98970759690403
135.95,97.6453610596527
14.82,71.2367262071158
73.2,58.14821146963226
11.672,75.75551515640747
398.352,115.5402407100001
269.982,266.3906500240939
842.352,388.0426732895019
142.182,165.7018047010325
6.12,55.392585570623694
54.816,46.886837935222474
98.16,390.3864309153726
4912.59,150.76991330973817
18.24,29.331072973360307
371.97,281.97626481028215
13.904,101.27938147400873
55.104,41.68396756994418
629.184,92.80012698493583
55.168,51.69794573886862
55.48,23.081545246933516
23.832,263.7077854863571
300.904,173.38117994402157
3.168,66.81517025666018
123.92,60.66901157523957
7.23,167.53648241084778
9.24,29.906609937383937
6.99,29.471357279270848
52.096,162.28150027580898
11.76,35.87639534420339
3.984,28.008243962454333
13.92,107.18295378257285
14.576,18.428269563279933
68.541,147.7464371549772
449.97,320.63706714728255
155.372,251.05788958662595
30.93,29.739953196039927
125.93,63.35974481815281
47.808,108.55401363673407
195.64,290.58703314472086
9.99,22.626214040992405
14.9,358.6113462530638
303.25,166.00723379025177
6.048,194.06346223229758
35.88,601.8605206398995
32.232,423.80939701997204
582.336,870.3402805943783
18.288,157.47987002304572
19.52,47.224908549627536
69.99,1253.2481315110208
103.12,463.71944488651565
1.98,115.60413176321586
21.312,45.93544975381449
17.48,32.346713702161814
318.43,597.9256831258425
251.964,612.6558730318594
26.16,192.47928524191641
6.368,28.3843932278042
306.9,77.70704226123546
146.82,53.45663898835365
15.712,36.96173323540856
281.372,256.95565888145654
40.99,22.588492493810232
10.48,22.299326219959
47.984,109.08198153722488
12.96,24.956324788720828
36.744,250.66444653541322
1295.78,191.8478076761734
87.71,65.11525935205432
38.04,127.17175227957603
24.9,79.21874171295944
40.48,55.68801747223808
191.6,65.11806978279519
17.48,217.17604921709844
97.184,258.42297555899967
29.24,58.653323723002025
4663.736,620.9991600239679
12.294,27.61070248463843
3.15,16.62618701459811
818.376,293.56480564577936
5.904,18.54769165743771
11.52,156.13981975623193
293.52,415.42903414517855
91.6,492.7694178520531
14.94,54.53639698442931
23.88,88.99871126122271
40.968,51.017308658472004
29.403,265.01760145754616
8.134,239.4135716695808
23.968,62.176821939965464
15.712,122.46654899774273
99.98,108.01999281405284
487.92,430.67627402115875
227.136,260.9026700723561
222.352,1497.7330180659776
40.67,43.42593781754879
9.584,81.74032978008329
29.718,100.81632640549756
841.568,82.6886127697222
29.61,64.16439722835999
75.792,123.31404985103133
45.36,89.9727308485545
27.42,78.22384828443056
4.338,29.084343625397295
12.07,33.64510667753401
102.93,174.52702732493967
9.588,220.3327702572441
20.72,80.53024778010146
653.55,832.7002782231111
9.99,124.9746847726883
5.04,18.54769165743771
14.376,114.25318955113808
11.648,55.51427766569478
107.97,208.4394401549199
264.32,125.93090213174942
272.94,210.21747023744868
14.56,25.487580519533722
10.8,173.3307967618797
239.976,241.08182105945028
24.18,135.40742454520884
29.52,124.78651863449971
9099.93,3307.2584024343987
377.928,968.6531213028746
19.44,52.67691150252118
5.34,18.482853908496953
101.994,621.5233136297888
17.12,57.98967763467513
26.16,318.98188514127145
2.688,59.7583379898854
105.584,218.5205528870825
47.3,18.482853908496953
17.94,29.479193181677264
1592.85,1445.3868912722166
34.272,136.49461869433745
56.07,190.64440730572937
264.32,101.29313664767098
64.944,91.70843033449724
62.18,68.5688245373406
38.08,93.3831148513149
17.22,51.91828917212501
63.824,89.07825639350973
51.94,51.17265192164678
12.448,24.518883125901507
772.47,257.6377721795218
271.44,57.82828959567619
34.02,54.11109364849601
24.896,58.035922579976635
13.44,52.25651460001727
24.75,141.13398440143382
21.4,80.75924084538741
66.688,67.00567636092198
99.846,127.14223801210439
159.84,207.1781720253806
7.3,54.91105676220303
90.06,136.409419160149
45.04,18.44331727626282
8.544,92.35038189566774
2625.12,563.2579297049244
12.96,24.80804939975274
71.6,112.81255214796788
270.34,893.1159345189792
10.784,59.397764208264086
25.5,69.11399518811996
110.352,300.529339758004
148.48,209.69066678871303
191.646,415.076277087875
436.704,739.2350100253591
9.94,62.739911954754305
13.9,57.47016571450459
17.48,33.15080106320939
1040.8,438.83373574374144
24.368,272.0238950399894
5.64,405.4280647041453
201.584,220.2805623694705
32.36,71.37409000612458
203.92,788.5926694207726
686.32,758.9696738935845
723.92,757.2008061324059
16.704,184.74175725098993
23.56,278.25815178518803
18.84,94.93477337505996
9.78,28.199025498429084
480.74,65.4981464637082
34.176,50.174069926565515
186.54,106.88593720441594
966.7,654.4555103617462
445.44,692.077264084019
4.086,32.0441806194269
104.28,223.17835499972156
18.24,32.192959653905966
175.92,56.76803818246069
15.28,33.718717800195876
61.96,497.47498145522
62.048,122.135046829331
1801.632,478.33844727177006
19.36,25.245057875293387
265.17,45.736056647221915
27.72,85.14751691322967
236.88,414.4827973777568
15.47,74.38703661135776
122.352,391.4977205800719
22.72,117.4536049983505
197.97,299.0005964363946
31.84,105.22077129348256
6.9,70.2057728487592
14.76,47.22170038349076
34.8,115.01951232403995
845.728,327.49944680625225
27.216,45.883913839672566
10.368,25.01078887787141
116.784,97.93042779370904
19.776,64.407491270806
3.798,16.642090764010035
302.376,315.3164209962378
19.98,23.022873325472464
7.61,22.649914900524323
325.632,309.7131451211811
50.04,84.11999552911885
102.368,118.7273232383437
659.97,291.3327860126977
20.736,55.47676161121867
23.616,80.10691869737721
36.4,86.5955316419621
49.76,448.3407568945771
2715.93,297.8840019082479
74.76,149.4689000068811
542.646,391.42992180259216
28.752,53.33365442580235
479.984,928.8813737301577
104.784,135.9713819948873
192.72,114.46752017948522
63.98,225.33386836975853
218.352,380.85855812346114
2.48,16.467785516227128
17.61,52.84162765906532
185.376,106.3057186254499
16.34,24.920927604833
629.95,479.30904390922717
3.762,18.828405187625673
457.568,255.1022179800718
176.772,50.07512968106176
35.04,108.83980024390362
31.05,29.986168121291985
7.16,107.75181299404547
1090.782,924.5338086138332
14.94,29.986168121291985
31.96,55.925827398311284
131.136,222.15458242344957
264.18,63.582419671122224
34.384,129.62762047040482
44.46,56.26226578649913
50.12,36.6446330167792
44.67,69.55620798812011
177.2,82.83108188341366
3.36,18.452145975881322
75.84,104.7272734876184
1704.56,1435.7040218704674
71.88,30.532513890634274
299.97,444.5979801432742
30.0,123.55523335206416
46.2,56.90377944758217
46.672,84.81941836552352
21.392,31.737395577013775
8.96,70.92742429471674
87.92,35.45935019084644
7.312,80.66037836272038
87.4,346.7509434607428
12.39,29.471357279270848
11.07,29.986168121291985
37.392,142.9512542499821
13.9,56.77452308188691
114.2,82.46130090039516
833.94,526.2994120380728
438.368,436.29396854093096
9.324,293.41076879697846
95.984,222.19220409374387
27.96,322.1225870640908
158.28,82.07312182422322
37.056,134.06410686169747
14.4,62.08047156373135
52.68,269.79962278227566
312.552,159.94683216218772
40.48,58.22207005751167
143.7,54.43446566568608
32.4,83.96315347395338
19.68,63.02361313740038
24.672,205.76177189760455
5.984,82.74036703352682
68.472,222.1362185996804
79.92,828.2267830767104
31.12,58.02211656570256
333.576,334.89321435567444
319.76,570.0391172251267
40.0,82.83074148060825
42.76,18.54013775389293
166.72,109.49801896707913
31.44,228.13210671973576
31.4,146.6509533992244
16.4,57.31738228416777
371.976,585.9453901161235
715.64,164.40964536961718
20.8,69.23101717409473
231.72,63.56326298615863
454.272,914.872168101825
8.64,29.547541215593533
11.52,190.25475026972916
11.568,135.15783304303883
101.96,98.50558252081524
2453.43,609.5599608936423
254.744,122.3300983030289
19.6,40.54461726681823
14.352,52.29764359097376
493.92,921.2573902080002
7.312,100.37662306441767
200.984,76.6365895782188
3.44,18.474025208878455
180.96,480.1459818531796
206.1,435.4986940756171
274.89,611.186689449293
38.88,80.8340033532644
579.95,489.5656149219778
7.68,387.97560263593203
99.98,173.43806792036673
9.096,73.77578367314999
143.73,628.2231762594199
15.552,46.53478910357343
107.44,657.0833993063363
81.08,255.90941124989567
11.67,202.14456566266216
84.98,133.45152611276734
195.136,573.003376206691
8.92,142.60860853791723
284.364,269.75135221313224
13.36,193.41731642503365
46.2,35.372543967936224
5.68,18.471898734418172
23.68,58.78580155156714
1.234,18.044147200490585
89.97,163.5462891616198
113.328,103.76347413648473
158.376,266.92653159891006
56.82,332.72972826973074
18.54,24.845770946934913
29.6,61.45770504783158
6.36,109.4887694078731
17.12,25.51911363072612
586.398,936.7501378499114
824.95,462.85581343885156
11.424,88.8681083526261
10.86,24.86218205262771
43.176,222.52418037073784
18.368,18.01748408610906
112.776,285.54040945758874
49.98,116.88835528910832
152.94,215.58553825360295
181.35,84.99904757343405
755.96,576.0924927640627
21.8,250.13436333966746
629.95,521.3391138095502
175.23,569.108598310007
58.2,77.95814075042951
103.481,145.40399788299842
435.84,639.4481281525035
110.4,89.92375304987725
24.96,75.09294088171431
151.192,82.66105939750483
657.93,721.9905075287912
190.848,107.64492301882755
41.568,165.86763920684126
314.532,292.1270279369262
40.68,146.13878197683007
53.316,272.33931105179477
9.82,18.7146953002201
569.536,261.7101451728429
1421.664,1021.169431355586
3.168,22.505453049558692
199.98,107.67231491996422
15.48,45.96179733155788
57.594,117.77606796609476
627.168,540.3310369421212
11.232,100.34915147602574
51.968,54.79204932055995
4416.174,803.7916344259211
163.88,455.59711484541856
129.45,343.5801590411088
10.272,47.1201358994567
20.736,59.37932933875669
207.0,372.102414751942
14.94,53.06555645311514
44.82,110.5838260465251
296.37,365.92855453669523
13.36,24.781389257871137
821.88,106.38733301910086
7.77,86.71655941181501
34.86,98.20099020260307
55.44,96.77954655745815
47.584,111.66506338539962
162.64,111.00857677960923
371.97,226.5675070222437
273.552,385.76229642632387
102.336,339.02419205043225
43.68,177.13732872466412
10.65,28.518420597442706
231.98,239.14845087541443
25.92,61.56674219270232
225.296,264.8716839614273
14.91,121.1082102725331
83.56,523.0094741710706
239.456,366.97532670987806
46.864,108.56286079176442
1.964,16.64624778609596
19.824,186.23894440608166
47.9,22.838112187488065
47.18,94.80834417162089
5.184,22.481497331590223
4.158,155.91731129939907
11.12,35.725113790268686
116.82,147.78254242748662
2807.84,1071.842605461912
5.18,400.8781795310504
333.09,187.19591483472078
50.352,318.9139979466786
9.12,29.16146944028606
170.072,573.3925662522186
27.92,74.15849612148527
14.976,164.97471456712964
837.6,905.9744823388177
35.216,18.397561630664306
962.08,174.38481923685202
911.984,220.49574967767214
16.74,77.25105605051719
422.058,388.0014140892877
17.12,35.559663574917806
302.67,453.2988411892508
79.984,70.84390579569538
3.912,16.37141357930234
113.82,54.14797333266912
7.8,29.532881835429272
290.336,109.44631046577004
22.58,111.29157278232498
51.75,62.60414765376808
377.97,289.61006905051823
386.68,248.4858229936713
236.5,428.42605725730334
85.96,99.97766028826611
431.928,555.1081170738125
199.95,360.3220886265961
50.4,84.20976777236109
38.28,160.9504610747279
247.716,292.937551471519
427.42,584.1695849243991
19.968,17.48557612363845
4.624,22.29673619360582
39.88,65.70214270000677
42.784,90.968622067179
29.22,80.26347678512505
49.792,91.8142634903902
159.768,159.35973633062005
192.16,63.68968050034641
1537.074,923.189417517266
3.64,18.452145975881322
467.04,418.0451866857113
459.92,750.6972519576262
15.7,79.48255065368186
63.882,134.5113099747107
11.96,24.943527146515564
542.94,248.2565842920107
15.54,52.84162765906532
54.32,218.74038776726385
43.188,90.92183208688071
19.98,21.983488219098934
21.48,41.249866555384706
492.835,657.6047247044936
181.47,623.1231201931503
3.424,22.44377578440805
4.24,140.31273704388613
8.85,247.60574298135634
60.144,61.24618474760932
69.52,218.8597160717598
160.98,120.35811677967047
9.728,93.82980120429139
119.616,157.5104983565644
6.928,23.02155159356876
23.344,69.4675153303424
13.128,119.38324172161134
9.664,24.3972264584783
14.952,20.6012707924892
241.96,282.80726372088
1379.92,4187.444196833693
159.8,244.59281981631597
79.92,82.18740979086789
34.36,104.05957156442024
19.936,90.71286249573855
106.08,323.9514933714933
10.688,24.536764805440168
20.46,77.83792696995995
6.12,53.605268922054165
4.554,29.478227404067717
48.4,86.42421425860401
153.552,100.34915147602574
37.94,24.764425853047058
34.24,64.30384127367216
319.96,255.0925543661816
35.92,108.2942368939001
12.42,89.84658141028991
15.224,61.78940783154715
164.688,169.76252142666672
45.584,234.12060891062015
31.56,84.01567398057813
6.192,29.085412288860333
36.0,139.59234043952463
10.16,16.471753570117876
71.96,18.452145975881322
139.04,414.4381984094535
62.808,50.496925126543495
67.8,111.90807370041493
131.6,393.61159563809304
159.56,335.5609066870327
84.95,422.0956183575345
21.864,29.14932407361969
41.22,110.92415331025863
32.4,80.97605374393814
87.6,81.47352591567098
1951.84,1251.5865735129175
37.056,145.30435692478343
34.44,54.36126768534186
8.288,103.94478574549404
62.28,59.598310838130935
36.792,80.5208561164456
186.048,620.2659788749604
104.85,23.416782124699484
339.136,76.45265478656694
704.25,559.3981836733208
34.944,204.50370547863852
6.48,22.96879888622699
167.96,30.81132304152534
479.984,1031.3713882142854
1119.984,955.4109990714285
1395.54,711.9710285660763
102.438,132.48799992320053
128.85,302.87382196587663
342.37,96.59840200168037
15.008,110.15608879332484
242.352,665.7454057088819
2.469,22.47167070154738
27.52,62.978683799669994
393.25,284.8778793634656
20.736,58.0914827218587
8.72,477.5438292586342
20.88,109.6288494996352
879.984,764.3402852619042
9.96,18.663312724665392
79.1,260.9640436190359
80.96,110.46424434141231
21.594,25.265619540978573
55.5,181.36127934133455
12.222,105.07960324552862
121.792,230.14199027971637
19.44,53.232433126344006
12.624,17.88835459746719
12.588,17.672618153229656
1000.02,579.31141545045
9.96,18.663312724665392
30.345,2310.632507292932
979.95,439.77425403433006
21.456,64.04997847619671
1123.128,1017.2547254623736
344.372,479.77343883728906
9.82,19.133827980185924
111.96,306.73683667324207
180.96,155.56571407865306
675.06,266.9889034652389
12.6,18.663312724665392
348.208,754.7042653653647
98.21,574.3014397343604
46.35,82.37880203520577
2.78,16.69744794692945
16.68,289.88564523119896
479.988,848.8143948585571
352.45,600.345411170118
